price_date,sentiment_score,ret_cs_std,ret_cs_mad,ret_mean,n_tickers_returns,coverage_ratio,roll_corr_sent_std_5d,roll_corr_sent_std_10d,roll_corr_sent_std_30d,roll_corr_sent_mad_5d,roll_corr_sent_mad_10d,roll_corr_sent_mad_30d,roll_corr_sent_mean_5d,roll_corr_sent_mean_10d,roll_corr_sent_mean_30d
2024-02-09 00:00:00+00:00,0.014184300818449841,0.011920906062389354,0.009207839179197106,0.011526984877924041,7,1.0,,,,,,,,,
2024-02-26 00:00:00+00:00,0.002399105911276176,0.020499342091214415,0.01177523597626977,-0.00390812048989745,7,1.0,,,,,,,,,
2024-03-04 00:00:00+00:00,-0.06090615091905478,0.02147093699689586,0.014472390731098841,-0.009831420850450098,7,1.0,,,,,,,,,
2024-03-11 00:00:00+00:00,-0.04234858565941089,0.014153689502657753,0.010947136864493156,-0.003248884161566005,7,1.0,,,,,,,,,
2024-03-19 00:00:00+00:00,-0.013564084426829564,0.013228113254783775,0.009069013382350152,0.008882966575793136,7,1.0,-0.43531102695476737,,,-0.7153355514215907,,,0.7385414405584173,,
2024-03-25 00:00:00+00:00,-0.11918906927589447,0.010265527460914548,0.00819593136801904,0.0050302206538512745,7,1.0,0.49913375180911973,,,0.2740558151439098,,,-0.09619915755694866,,
2024-04-04 00:00:00+00:00,-0.18230780738679803,0.01706459288013583,0.011175729952388493,-0.01725304374946072,7,1.0,-0.04142968696051119,,,0.0364580552150745,,,0.6223756048806407,,
2024-04-08 00:00:00+00:00,0.019600560807663422,0.015164511161979768,0.011522906992736887,-0.0022167397928679286,7,1.0,-0.11514474163579579,,,0.13442184422947995,,,0.5844882548077618,,
2024-04-09 00:00:00+00:00,0.0683443930886259,0.014712981134463695,0.01080349062708,-0.0015525574085929823,7,1.0,-0.011272054900464613,,,0.2234625769393345,,,0.47492796076935484,,
2024-04-11 00:00:00+00:00,-0.06970684740077425,0.014497658644470808,0.011577660180740312,0.01791885341261573,7,1.0,0.019612915475561876,-0.018895729517605157,,0.2811155509688685,0.003492514729489023,,0.24233477084854596,0.3072661700528098,
2024-04-17 00:00:00+00:00,-0.11831635840179533,0.014983533349567979,0.009179663354463491,-0.01717660203079695,7,1.0,-0.6606004878470965,0.08896530120390786,,0.24525704306262303,0.19061974402641224,,0.44798339362306805,0.34760712990497533,
2024-04-25 00:00:00+00:00,-0.07244006817602566,0.02343182044723815,0.018581690214376497,0.03356220325717981,7,1.0,-0.2739467987998457,-0.08136155229329971,,-0.13338315995957964,0.034635545333952085,,-0.12351949693610723,0.21340687198880634,
2024-04-30 00:00:00+00:00,-0.05087342710737676,0.010976501586913694,0.00802815177985861,-0.01853550766981833,7,1.0,-0.16572095558370936,-0.09558953214761277,,-0.07134267353887998,0.025965551657826984,,-0.019007523037836923,0.18561924247235448,
2024-05-09 00:00:00+00:00,-0.06260660077141329,0.012792067969564945,0.010292952251867793,-0.0005146699303602639,7,1.0,-0.21328925601194715,-0.08714968959711844,,0.047469582675186375,0.026415920802199712,,0.20142690999297128,0.19312360468817547,
2024-05-20 00:00:00+00:00,-0.08358885920606551,0.009806106611427598,0.007947507225776133,0.0021384014786066862,7,1.0,-0.11681371320463263,-0.01909982348669803,,0.090447608879002,0.09817940756238745,,0.16439497934513414,0.15688387209021343,
2024-05-23 00:00:00+00:00,-0.07147927176879575,0.01811787930934501,0.010847318265468206,-0.01590538053259327,7,1.0,-0.17345848571302158,-0.1333287867779064,,-0.18827321670855213,0.026944837398373483,,-0.4402108559078635,0.19671407551426973,
2024-06-03 00:00:00+00:00,-0.025781867849464332,0.008688003126278744,0.006305747640109509,0.0034516489627410907,7,1.0,-0.4400139050249849,-0.09179987537149752,,-0.6026346146357587,-0.014786809839139919,,0.12504968511518882,0.012776423757670661,
2024-06-06 00:00:00+00:00,-0.062473769063783664,0.0148755028148437,0.010239816752632075,0.0019634549202866905,7,1.0,-0.4116662913866482,-0.1371723517446376,,-0.5652870418041934,-0.06654867645710894,,0.3406269317296066,0.03640851543892242,
2024-06-17 00:00:00+00:00,0.025886598496865004,0.020302818931085743,0.011919894402015602,0.013626847411831578,7,1.0,0.4220657239142063,0.12376208097640735,,0.30078048056743756,-0.01807123184389132,,0.7029561935444193,0.2878558649762506,
2024-06-20 00:00:00+00:00,-0.028604039058489638,0.02661952903338759,0.019073968954154273,-0.011489351509342017,7,1.0,0.1912886640363312,0.24099825363669108,,0.11545761927647025,0.14696553106201923,,0.7273265129658805,0.2679120556308172,
2024-07-05 00:00:00+00:00,0.07376755095056947,0.020884349041824287,0.014367211327614423,0.017252697470430338,7,1.0,0.3210762900094815,0.34142972526328114,,0.22960533856206733,0.20139206970733725,,0.7582018063633662,0.3005111668506749,
2024-07-08 00:00:00+00:00,0.11998892637590564,0.013530326006962605,0.008924425703664623,-0.0004461396471685644,7,1.0,-0.30596657229208835,0.2562784988094743,,-0.34178873314005,0.1716289983824012,,0.36317102123708,0.4867806810754058,
2024-07-09 00:00:00+00:00,-0.06839307200382738,0.019863768289148487,0.013028735934655712,0.0037203030332688125,7,1.0,-0.6479527998549058,0.1531316657276082,,-0.5742762470476527,0.08271844698355642,,0.31325622058335456,0.43317742482498917,
2024-07-12 00:00:00+00:00,-0.0053016972105720565,0.019449730647660667,0.012355081991380936,0.009471345833010047,7,1.0,-0.6239707589084746,0.10999656600343137,,-0.538601409705668,0.06562455970253903,,0.27257871964657293,0.42595080502128985,
2024-07-22 00:00:00+00:00,-0.12154446193150109,0.017170498062074616,0.012925963506936658,0.005712611761698251,7,1.0,-0.30749556749689944,-0.03974924550264256,,-0.4689042365722137,-0.10972752561235201,,0.08698637920961781,0.338441471815071,
2024-07-26 00:00:00+00:00,-0.18151173317463562,0.014176901965052731,0.009789687654198284,-0.0008099759750214724,7,1.0,-0.12938240218075198,0.11638725944267823,,-0.34499543945185784,0.01633399614210432,,0.0003843517400969975,0.30996282106762596,
2024-08-05 00:00:00+00:00,-0.12198053764946319,0.026379738754853724,0.01940960287537233,0.050525297634337406,7,1.0,0.2845383160198414,-0.04823320802360143,,0.06536924600476393,-0.17586913328280326,,-0.03078196450183895,-0.13678785486906136,
2024-08-06 00:00:00+00:00,-0.14971495960508624,0.004251171592300028,0.003229839899980816,0.00263732936638477,5,0.7142857142857143,0.38439909179370446,0.2209775501642003,,0.2763244417168998,0.10719108433229847,,0.12121111379004916,-0.0921977404385699,
2024-08-09 00:00:00+00:00,-0.15529766638359957,0.01141184359136393,0.009491876135899913,0.010989109859911143,7,1.0,0.5253859807150384,0.27804894209074366,,0.5650699672008543,0.1769895223008092,,0.6014416116974352,-0.1296686686333714,
2024-08-19 00:00:00+00:00,-0.04681122751954273,0.016542095072408346,0.01281610133991438,0.013598600634946337,7,1.0,0.3377300272775507,0.25241642374282297,0.15420866066258343,0.3889044329466981,0.14097027775657162,0.08820238125225409,0.31405796483153137,-0.08270340831835124,0.037256021348922724
2024-08-23 00:00:00+00:00,-0.08447141210107426,0.016037026087379776,0.011926454184133708,0.0067349705101249135,7,1.0,0.3889368215036957,0.1482149701003994,0.18357568077919892,0.3895051692704109,0.03556637317504892,0.10666580138489648,-0.010421364573696431,-0.1717755550107225,0.01709971602247146
2024-09-09 00:00:00+00:00,-0.06860943709282166,0.012119846931006824,0.007675536298404929,-0.0014970009968241324,7,1.0,0.7520899446869416,0.3734421869960612,0.16452436005539522,0.6237933524648009,0.26091841162133417,0.10732171054786359,0.06179251060144431,-0.010009430826178525,0.033723897112247776
2024-09-11 00:00:00+00:00,-0.061514370823667466,0.02183617951124589,0.01436170004599528,0.021510428642057895,7,1.0,0.5931245224632907,0.3931847058434474,0.16362534164698597,0.4376610948140967,0.28313469433045485,0.10719978048460593,0.10107020646733965,0.07386791405283995,0.030822130565107055
2024-09-25 00:00:00+00:00,-0.047255128355250454,0.007800019832888671,0.005517968661041083,0.006148139433574615,7,1.0,-0.2519485062223935,0.13668643016002363,0.1515720808450874,-0.21224253755237574,0.08742312283255622,0.09497411322934159,0.2808710253001232,0.07067898209844596,0.03580507067549824
2024-10-09 00:00:00+00:00,-0.10877672114388393,0.012397501927672644,0.010483750375319642,-0.0002851853631267695,7,1.0,-0.08839080236708537,0.15967402020569865,0.17467355333095963,-0.3504978830011036,0.11108060067911314,0.11085419662472977,0.42697622633873,0.064020116026246,0.03742164450022402
2024-10-17 00:00:00+00:00,-0.10804407965391874,0.0060578070856424715,0.005155680256951414,-0.010117742606090729,7,1.0,0.29192795728963716,0.21790018425656985,0.1809659386816481,0.08634068133605032,0.1318204351287414,0.1214526716559744,0.6466129274948018,-0.051637830972284186,0.05971078940386731
2024-10-23 00:00:00+00:00,-0.03001620961639357,0.005522234930185382,0.004149680095229753,-0.017734320150191572,7,1.0,-0.069600697619406,0.2536273611000911,0.1764994230596464,-0.23245914269777804,0.15751831860686277,0.10193194447319136,0.004020697776524273,-0.0916864778313048,-0.047632771019884806
2024-10-29 00:00:00+00:00,-0.10281946778945301,0.012802323695186128,0.008433541954222462,0.006548758080019356,7,1.0,-0.6008161174585901,0.022757913136597686,0.1860160088982195,-0.6842137779809516,-0.10019292766078071,0.1072865566310294,-0.33273601322983865,-0.132598891718695,-0.03466809077356922
2024-11-06 00:00:00+00:00,-0.0496508884639684,0.010252140459728812,0.00622390511653441,0.016988967251236053,7,1.0,-0.4636375453685083,-0.05666557021940699,0.19335358537595493,-0.6472392086297258,-0.14787637593460332,0.1008132421902142,-0.11198066740857623,0.1254322111493161,-0.0011048211240115204
2024-11-13 00:00:00+00:00,-0.06617663152756582,0.014744968430152506,0.011817995338074708,-0.0018398297165645658,7,1.0,-0.18012791693495328,-0.14041178069864543,0.19324704217697178,-0.21184330023252226,-0.2618558925224478,0.10122877633903869,-0.11348893599892686,0.03662788580288574,0.0018056917669195716
2024-11-20 00:00:00+00:00,-0.06914205916657827,0.006076264050221689,0.005004838453361986,-0.0030956135691828485,7,1.0,-0.5661329674810286,-0.10521527786016611,0.19491269577524928,-0.4953470764428434,-0.22395278853328876,0.0947865696448686,-0.42958123759364325,0.05175899298628313,-0.04248034470133791
2024-12-02 00:00:00+00:00,-0.0411953163034294,0.009898941672708076,0.00764944768870225,0.01289414783383695,7,1.0,-0.29222462044328407,-0.12156932275860678,0.2008678592419656,-0.18224084762629528,-0.2185860667184709,0.10570070440289428,0.42978216731473684,0.14409729546693573,-0.02590090877381482
2024-12-04 00:00:00+00:00,-0.06459520234662385,0.008131794573843236,0.006238887767290149,0.011018821074521975,7,1.0,0.1125048057628005,-0.3026489182360212,0.20303046901015115,-0.05782777680027108,-0.37785946916805185,0.10890213368656564,0.7741474399802334,0.1269809149208654,-0.01671107480150881
2024-12-09 00:00:00+00:00,0.07508672751663695,0.014268328099539143,0.011090574297779581,-0.0008799580679443385,7,1.0,0.5414424915156925,0.24304507176476106,0.19155752933327674,0.5093474263041197,0.22524212491367382,0.12111383031381776,-0.19690017991564196,-0.013571932520325104,-0.04869900889999025
2024-12-11 00:00:00+00:00,-0.09615930586796383,0.01952281159344386,0.014428439733128453,0.020366348656886715,7,1.0,0.07704104637232985,0.06859291191290988,0.16276615862691823,0.11885506956864837,0.1078222902804009,0.09084776996578982,-0.5599079571008836,-0.16123103944752948,-0.07334460638951643
2024-12-23 00:00:00+00:00,-0.1500454461335708,0.01065674350368937,0.008867134528111938,0.007220018149215316,7,1.0,0.08087956842392544,-0.03167823201558535,0.18900877362291285,0.06552041385869649,-0.02458006329212576,0.1031663052330207,-0.594057014568802,-0.3246142395113821,-0.08977310602617512
2024-12-26 00:00:00+00:00,-0.06078178381001705,0.00931985822784678,0.006251828128564385,-0.004088294735780422,7,1.0,0.11338388238070034,0.05444283846857212,0.20641660984945556,0.09648839258223106,0.05890734382367105,0.11991695341130794,-0.4863480429794916,-0.2652035151544939,-0.08528170910097196
2025-01-08 00:00:00+00:00,-0.019224662567818802,0.00842458175649215,0.00652755920286533,-0.0011985474560702529,7,1.0,-0.006329879621752309,0.029187759086606452,0.1829909715819112,-0.018762004574809255,0.007172320456150287,0.09994730033894221,-0.5221191867129061,-0.31445658376146335,-0.09684206137924482
2025-01-17 00:00:00+00:00,-0.010098036461669926,0.010669793881369023,0.008449682756218884,-0.0031258216048232826,7,1.0,-0.3605266712493599,0.01986000290113313,0.1272704536932283,-0.41304246982004184,0.009003417414487453,0.07129319367774775,-0.6119943598519454,-0.4051756596508991,-0.14395722854932486
2025-01-22 00:00:00+00:00,-0.04278885754828269,0.010631069135339906,0.009466007197266464,0.008635662468092725,7,1.0,-0.3382222659868598,0.052606350266510976,0.0934887907184156,-0.2721091535006838,0.052069052757505285,0.03577958446175947,-0.5439022578279299,-0.4296693708505303,-0.12294988885576552
2025-02-03 00:00:00+00:00,-0.08054635707022886,0.014837299647102113,0.012143652085149325,0.006793480854898123,7,1.0,-0.6514106117348946,-0.06248415498751404,-0.014320513110400945,-0.5200708440685309,-0.0750075199417956,-0.06823850251125557,-0.4590061463914073,-0.5021461264906762,-0.20590864012958007
2025-02-05 00:00:00+00:00,-0.0549941470121423,0.015697988136685968,0.010474095673453207,0.002897416327609697,7,1.0,-0.8036126477212618,-0.061217716112534626,-0.027786168465195098,-0.9034223560455945,-0.07066995934513345,-0.06012901886749833,-0.7745024811086063,-0.5403302358286929,-0.18479712604999443
2025-02-13 00:00:00+00:00,-0.061382745774045,0.010231640526103432,0.00870776822522795,0.01636202313756767,7,1.0,-0.5387332900183832,-0.08460142006139576,-0.036566094304457106,-0.7551474252617907,-0.10542508746047738,-0.06565115336144532,-0.6269675046438636,-0.5075841647985463,-0.1755043582253459
2025-02-19 00:00:00+00:00,-0.08346799039987451,0.008246062525477266,0.006443106223303719,0.006463873667083647,7,1.0,0.11601717669698426,-0.2603113523277175,-0.09970395343629522,0.14794422597813564,-0.30434083379035376,-0.10317131509697026,0.11612143637155165,-0.4800670208293509,-0.19320921908868477
2025-02-28 00:00:00+00:00,-0.08285880855164003,0.019403716863881648,0.0157344323899538,0.025811593930888367,7,1.0,-0.050093752120559075,-0.18685634342000818,-0.07578378586422925,-0.22819847128895607,-0.2344535401794661,-0.07839844799754705,-0.3015125529844396,-0.39901613432277205,-0.1989006570725582
2025-03-10 00:00:00+00:00,-0.057654053170947336,0.039556509634989544,0.02521634702537043,-0.03314969499726723,7,1.0,0.38930321871869444,-0.19155580064995717,-0.0007643263826929527,0.3015237152028685,-0.2423248278843825,-0.02652243148441678,-0.5417166251083066,-0.32186246457269113,-0.2594198543810312
2025-03-12 00:00:00+00:00,-0.23838553062824197,0.011077530956920639,0.009173215549011505,-0.0025935990582523,7,1.0,0.3643852386526424,0.04748743336516944,0.09205550462221804,0.35564969776219546,0.009264234029054843,0.057699823263609895,0.028854721450900577,-0.02354636834729514,-0.07743068138590056
2025-03-17 00:00:00+00:00,-0.06488280281908598,0.013600760548832896,0.011419810437914134,-0.010065240021814938,7,1.0,0.4218092456754819,0.12381854735629935,0.03200908507881436,0.4291996655361095,0.10499945512295379,-0.01237626812729315,-0.1416405447919353,-0.016504700516444686,-0.0895097672742869
2025-03-18 00:00:00+00:00,-0.03375421924231288,0.008496590376800861,0.005908660316332118,-0.009749634206011212,5,0.7142857142857143,0.26964039164898584,0.12940839436628312,0.003579995702987688,0.2282439467406469,0.09133542258197883,-0.03611066047243161,-0.21205171537961226,-0.039163197416911155,-0.08119590700596024
2025-03-26 00:00:00+00:00,-0.11023919430238148,0.011985324953498149,0.008845164632445288,-0.024201260038470788,7,1.0,0.2739767153015096,0.19058294935556144,-0.0014866809756167254,0.22604864297269348,0.14404913251363108,-0.04278149262747556,-0.4628131096104856,-0.007631614060404844,-0.030070511827344458
2025-04-01 00:00:00+00:00,-0.18344781181435166,0.004268775632777718,0.003428642945462138,0.02002080656360741,7,1.0,0.261052261868542,0.32542882290607633,0.09096214433857404,0.15244281748664992,0.305592403774621,0.06261045163205065,-0.5053451005536974,-0.19228545630359908,-0.11839571901358818
2025-04-09 00:00:00+00:00,-0.12982691654347275,0.03991409428853342,0.031337658367440326,0.14113854517800858,7,1.0,-0.08664381938439336,0.15642398213880845,-0.04212155856650416,-0.09640714596389373,0.11092030333533325,-0.0818007055237239,-0.3885654864869231,-0.210974294086317,-0.21938550106481614
2025-04-21 00:00:00+00:00,-0.12702661313116548,0.005665632788625732,0.0039972365653988436,-0.01096160217181882,7,1.0,-0.023243090373184044,0.22416490397908448,-0.023498475494860834,-0.049659424489235486,0.1731901577550555,-0.05632012244297481,-0.27452522708027816,-0.2062274656217822,-0.2017256307492027
2025-04-23 00:00:00+00:00,-0.16027951546013353,0.006535425164882545,0.005808559577321211,-0.011079196392107468,7,1.0,0.3800672630567075,0.30995187809238967,0.023655440097025505,0.35096036683781034,0.2571603986115689,-0.011000728728783524,0.02218718402659277,-0.16518328567065943,-0.16724649059572202
2025-04-30 00:00:00+00:00,-0.07656035361697479,0.012403560439724414,0.008334393756148273,0.01655673540361378,7,1.0,0.263215540140873,0.2722409775986858,0.0232206821764575,0.20621626762348794,0.20275120313639772,-0.008899253305665808,0.0968855387127062,-0.1747342193056101,-0.17036567058632482
2025-05-07 00:00:00+00:00,-0.10107221474132665,0.03589437235746203,0.02367463595137287,-0.004600427909624782,7,1.0,0.1995531231877102,0.13620346747912734,-0.024207246492047193,0.10623149177243787,0.09057724514202704,-0.048709253216066443,-0.044638245976150646,-0.0989687175376269,-0.17597167458904373
2025-05-21 00:00:00+00:00,-0.029101206358760456,0.018201089880718595,0.012443313282671549,-0.003452830123026243,7,1.0,0.36645361358486406,0.10836752873131662,0.016333899263274228,0.33880871375691135,0.06253661430331624,-0.010986359831106704,0.4996472258365547,-0.24338951351400132,-0.1632907001807573
2025-06-02 00:00:00+00:00,-0.03919932517902295,0.013685856140187925,0.008750021945036447,0.012231991894613133,7,1.0,0.1500978298791481,0.0949839736765384,0.013295116255371569,0.08545256013506866,0.022458666937454602,-0.021822069808389927,0.5513070206657482,-0.19869598049267934,-0.15796824439729673
2025-06-04 00:00:00+00:00,-0.064351987314445,0.01949732377872749,0.011316121006344357,-0.00020784098156514347,7,1.0,-0.6548469362081518,0.21789627355945076,0.02481404391667764,-0.6354772649699245,0.11516833892607305,-0.009862176841574612,0.09460647899176039,-0.16467731008134925,-0.16649006130299276
2025-06-09 00:00:00+00:00,0.13339160207887085,0.031164899387653273,0.019324423256439398,0.011466476194809103,7,1.0,0.17279465382841572,0.3930842358634965,0.19519107137989827,0.11955709466600115,0.26507452757258987,0.12721710590008758,0.6584445756234356,-0.14226215058406594,-0.11944623547789275
2025-06-11 00:00:00+00:00,-0.030640157083478496,0.00995068411775001,0.00669608358991534,-0.014318639330991614,7,1.0,0.8199193853955788,0.22586911249697292,0.18629725828826876,0.846147971770331,0.0955627553941879,0.11513916423519914,0.4662018667163499,-0.17033427772338505,-0.13178273414277647
2025-07-03 00:00:00+00:00,-0.17336534238078416,0.008227123083463728,0.006755298232364033,0.0024409738688979873,7,1.0,0.860958094365071,0.5604454876175838,0.22194058822169452,0.8538967578316716,0.49689671939958857,0.14991335208215661,0.31265561413709725,0.4042166909667633,-0.1251609401065804
2025-07-07 00:00:00+00:00,0.16173078745071376,0.008027596981062422,0.006260689027982748,-0.0018005467371859038,7,1.0,0.36587987858933957,0.1995272911673638,0.123264592782441,0.3886008883829798,0.1615509158773084,0.06203970951139501,0.24545952341306643,0.2134491525381728,-0.13253215333858592
2025-07-08 00:00:00+00:00,-0.15394441245203738,0.010354401860229446,0.00848808454148684,-0.0051397087437281275,7,1.0,0.48118302001143176,0.15492310749613344,0.1484227221212338,0.43288362819687004,0.10823314625031595,0.07506211474824802,0.3284063153412983,0.14662549765619737,-0.1108096749114197
2025-07-10 00:00:00+00:00,-0.008331575076411519,0.013140333729492533,0.009541921105690422,0.006562502043943326,7,1.0,-0.0928398876780491,0.12674691870969437,0.14795461644089333,-0.27249526628245285,0.08004847598760047,0.07540151599479299,-0.009435054238692673,0.2747074788314597,-0.10361285341743784
2025-07-24 00:00:00+00:00,-0.045700195995340864,0.013238627499470997,0.010000590113567897,-0.002654472858299274,7,1.0,-0.07995195781363855,0.40876016309653745,0.13454944060416346,-0.22317408096141164,0.3861678348649891,0.0658828307382506,0.04717890656383334,0.24448182200606863,-0.10463376088356979
2025-08-07 00:00:00+00:00,-0.05224317563609716,0.009538183101939459,0.007803717936583912,-0.0015553203912655204,7,1.0,-0.4179791132796547,0.4250620729664697,0.13262128736396167,-0.6001445220305615,0.40631556202249847,0.06519842960816888,0.274764054654195,0.2520143097787573,-0.10518615513545543
2025-08-21 00:00:00+00:00,-0.14737794217337102,0.003637117798703205,0.003097410907534852,-0.0030018619630843213,7,1.0,0.7099700249732788,0.5045953512362925,0.18050510938373493,0.6464425699809572,0.49649557797813376,0.11563954954075942,0.7721374148843728,0.33355519319313187,-0.09122601267722782
2025-09-04 00:00:00+00:00,-0.09898107692399888,0.005983612276410345,0.00416072201935523,0.008199012418563986,7,1.0,0.9474137627705876,0.5772719086953652,0.20029241083124805,0.9318862535721039,0.5451976719380528,0.134268489675357,0.26747889528542884,0.23852316868084966,-0.08610435682323646
2025-09-08 00:00:00+00:00,-0.0861011272069388,0.009386509127508944,0.006310111928598204,-0.004512663006060282,7,1.0,0.9243995595055914,0.24749748420246256,0.20811068503926763,0.9341214063669394,0.19079836287183388,0.13866259250847549,-0.09782507341385563,-0.05752592302205186,-0.08662842390823391
2025-09-22 00:00:00+00:00,-0.026518909824458328,0.024846673692748046,0.01938423914450161,0.006027783475984554,7,1.0,0.8460262519610745,0.23388442782137006,0.2243131969047891,0.842380410684521,0.2101752915535361,0.1612680393622105,0.3462553432791358,0.08647749143597638,-0.08478020547216845
2025-10-06 00:00:00+00:00,-0.0034718316896717263,0.013119473531022266,0.011330125453441432,0.01145987071276249,7,1.0,0.7731155132937619,0.20945781418412918,0.2162686266722608,0.8055215350561182,0.20986806603933847,0.16250223412231787,0.6984222046897899,0.2233249512627439,-0.07622936558906147
2025-10-07 00:00:00+00:00,0.09590620294059674,0.011662320695766955,0.007288423829235837,-0.008746610388821883,7,1.0,0.2525529494191302,0.45537348091663477,0.18480788177660665,0.184626599404864,0.3596077274942423,0.12088036359369712,-0.43111701017290055,0.05937997774673022,-0.10237226221064101
2025-10-09 00:00:00+00:00,-0.0747734596822723,0.012855459935279529,0.009892811531852702,0.0024648160291986044,7,1.0,0.00544218418791724,0.46309207176644673,0.18250206717321674,-0.07172217055350587,0.38017158178291444,0.11806071776601304,-0.3008537297462044,-0.10830865773783442,-0.10169689144216164
2025-10-23 00:00:00+00:00,-0.15591454962881443,0.02577601868000712,0.016342520787237632,0.011801203402592391,7,1.0,-0.6365558995068193,0.02825846156408599,0.14263728285591432,-0.5617140588317525,0.08076231894748194,0.09210394565268865,-0.7379539395594069,-0.3582139225388384,-0.106369448899383
2025-11-06 00:00:00+00:00,-0.10647113135429832,0.017551447614315062,0.013767631042917295,-0.020043350621127127,7,1.0,-0.7962131386835607,-0.011482058088099874,0.14186068923048709,-0.8948765679035431,0.02579959010814019,0.08127551994368712,-0.17072113162847433,-0.10378922640333094,-0.08980532062410043
2025-11-20 00:00:00+00:00,-0.08948248907867254,0.02046798287512253,0.015333373699567167,-0.04111274061411163,7,1.0,-0.7805746899744543,-0.02611679005654205,0.11862707265763534,-0.8791748628299032,0.0051580331712755435,0.0650731321639607,-0.09278915841432184,0.015623474423863682,-0.09261081366766782
2025-12-08 00:00:00+00:00,-0.044225128764500396,0.014005177703394928,0.011004630637891628,-0.0036013618812315447,7,1.0,-0.8814477630091885,-0.2712466790265535,0.11792532054975163,-0.7979789063773038,-0.21581846698011645,0.06558634527366325,-0.23362776250323664,0.02335483299074367,-0.09445558707049224
2025-12-10 00:00:00+00:00,-0.05215124544726621,0.009989789881866707,0.008068700710706084,0.003594313922571144,7,1.0,-0.9074479812018189,-0.4239063994688861,0.12470441076216321,-0.8375035916793464,-0.37598168639025914,0.07371796566254538,-0.1265649019103616,0.08011511281906981,-0.0890816693739764
2025-12-17 00:00:00+00:00,-0.1057047813410101,0.015439193045603447,0.013174426507296555,-0.020925729529205045,7,1.0,-0.6606849974521434,-0.5002489268108103,0.11812874318400884,-0.7625621589888463,-0.5118244154687506,0.06187499305132108,0.7103136377369578,0.15167614595400097,-0.09311226435332763
2025-12-22 00:00:00+00:00,-0.06165677099058391,0.002330436144747593,0.0016003295125365687,-0.002047135934018221,7,1.0,-0.4976959625308521,-0.5064857525287715,0.060797295978124936,-0.5345783305454795,-0.5267606243574007,0.0034054280215376114,0.7684185149437845,0.11794410060419515,-0.06663831202255016
2025-12-23 00:00:00+00:00,-0.13883552287030315,0.015558257873098174,0.011152601455644888,0.009834372191156519,5,0.7142857142857143,-0.5114335613389525,-0.4988744545612273,0.1616234380136798,-0.44403696921298463,-0.5424428356323541,0.11912158017634791,-0.061232368120060755,-0.11225010639798781,0.1554096418304824
2026-01-06 00:00:00+00:00,0.13223869902257981,0.022460066180633287,0.016808762261020887,-0.003084634161152816,7,1.0,0.47191416936678454,0.024558569839111744,0.19974782418205853,0.43874146601160147,0.09645912735602305,0.17332836258706658,-0.04002000579727121,-0.006303718002427829,0.1158827946253431
2026-01-07 00:00:00+00:00,0.13645159015311048,0.013174147261913629,0.010454889528275085,0.001595635974483858,7,1.0,0.34948477330918515,-0.0674989221936855,0.1361072039969895,0.33881115736188316,0.008098817562464838,0.12682453631722462,0.11277491774045427,0.10720887756315949,0.09504196889528911
2026-01-08 00:00:00+00:00,0.023099809384986042,0.014145792279787198,0.011214875342133319,0.00016521997716058872,7,1.0,0.445633396885117,0.15704832213289288,0.12951588663417823,0.5031619815078502,0.15514859030847697,0.1230878917612198,-0.6262793913680664,0.3175209165613839,0.12297283407057807
2026-01-12 00:00:00+00:00,0.07376381506959737,0.011986820585074541,0.008894382474799293,0.0047922712907078596,7,1.0,0.16761829598016834,0.17064301641863383,0.2128061730656818,0.26702026077720953,0.16331151991325574,0.19528128924554297,-0.8119425339605029,0.3112417392840642,0.13740739752948192
2026-01-13 00:00:00+00:00,0.15100746537738163,0.010294669166544292,0.008616188377364418,-0.004575757761488838,7,1.0,0.08722950522904607,0.19991192329818888,0.16515143886472505,0.1141273433951472,0.2041741357430449,0.16119753974995973,-0.5110002030713633,0.07434788678757986,0.11187031668646472
2026-01-14 00:00:00+00:00,0.17123596076897094,0.008723989722485979,0.007110727191513173,-0.008825689463279749,7,1.0,-0.7924660295272352,0.08796317560298196,0.10538067621889834,-0.7162509292492782,0.10172170437871515,0.10581217018755294,-0.6598316422149693,-0.06888377063407176,0.07290774532907253
2026-01-16 00:00:00+00:00,0.1381115371573575,0.006979710107452184,0.005358123442880607,-0.006248209811739895,7,1.0,-0.8567388988622374,-0.041556263867904834,0.06755245976385811,-0.7790665864016469,-0.027729756915609468,0.05442620677870214,-0.8036844593407197,-0.04623087361651724,0.05562893903159378
2026-01-20 00:00:00+00:00,0.037514878399420096,0.012869326120201878,0.010587934350748836,-0.01080268277612864,7,1.0,-0.8065936920581988,0.06323671961851154,-0.07877150195579682,-0.7327319939748201,0.1315334692358038,-0.049839154128501574,-0.13473174626302073,-0.5676562360745262,-0.0179651150286351
2026-01-21 00:00:00+00:00,-0.020919047081760612,0.017023665018896076,0.01297375772850475,0.010455505998997652,6,0.8571428571428571,-0.9163828361708738,-0.36702114554785176,-0.08112541717563693,-0.8870192582981116,-0.30986289276256224,-0.053645348108779044,-0.637074124178055,-0.683959506120112,-0.023600538452573604
2026-01-22 00:00:00+00:00,0.0393734973213459,0.016682091538544493,0.013037185703896184,0.008023686007140098,7,1.0,-0.9078968263631908,-0.4035340338537825,-0.1172926686914048,-0.899120125335963,-0.41318074790632736,-0.08245031435272931,-0.6790176649151551,-0.583073646299396,0.014961669156310007
2026-01-23 00:00:00+00:00,0.12655017095408877,0.01638163118570535,0.013438223137262015,0.010139262123582217,6,0.8571428571428571,-0.5823504792308969,-0.6769173868328239,-0.03783710919801685,-0.5206203916927333,-0.614941065951967,0.01018843802144063,-0.23356567074433515,-0.4178143663140239,0.06458355139432506
2026-01-26 00:00:00+00:00,0.04729331888396429,0.015255798517432025,0.011752479327853558,-0.0009428253248692127,5,0.7142857142857143,-0.047165766446772235,-0.721854369619517,-0.06115798522958084,0.224805689987578,-0.6592647404692021,-0.004764956683411127,0.08015618456889145,-0.43101012279475986,0.05210537703391546
2026-01-27 00:00:00+00:00,0.07382663285023852,0.012144663406412038,0.00972740920238457,0.0027108764549305386,7,1.0,-0.3100689167119387,-0.7199079664683461,-0.06706113427485681,-0.0814920585588247,-0.6538616547366144,-0.008983054265369135,-0.0758387448635139,-0.4560737448372758,0.0636570186137284
2026-01-28 00:00:00+00:00,0.07876257663102526,0.005256815108478921,0.004003880413958477,-0.004291739845600505,7,1.0,-0.070768241122054,-0.5791418628001823,-0.10319187529182414,0.003490866270249293,-0.5212896967626874,-0.04971769119636913,0.33027439383917445,-0.44171297159651246,0.05563075360417438
2026-01-29 00:00:00+00:00,0.019333932638407384,0.018515710768198298,0.012738312425892474,-0.009340751357417219,7,1.0,-0.25326408667188277,-0.621241569389818,-0.11074588133159904,-0.05976210186005885,-0.561634010645085,-0.05755375697379773,0.8859382132255471,-0.25282085472992993,0.05236650851331401
2026-02-02 00:00:00+00:00,0.031823553496764745,0.02046398751510811,0.017326746541000086,0.006488884681032465,7,1.0,-0.8980244960902165,-0.5771173384310933,-0.2112940661821192,-0.8014877375363814,-0.5095257548183894,-0.14609556056410739,0.17882530537335756,-0.11351491457786468,0.05509716915819227
2026-02-03 00:00:00+00:00,-0.02201655233899753,0.011948211741254277,0.00949721344755512,-0.018822386631029663,7,1.0,-0.42493615299532256,-0.2269824416971255,-0.28138411325367135,-0.3878211511431843,-0.1557110760946543,-0.2205561194702928,0.68873165822018,0.36928548514234916,0.1096077023351737
2026-02-04 00:00:00+00:00,0.015164512307628195,0.02009515924005705,0.01652630583445844,-0.017327922024011823,7,1.0,-0.4330134819155752,-0.28029055514175094,-0.32172607953544446,-0.4085551942567365,-0.21757652171407252,-0.26894701567782475,0.6027491230556181,0.4180559940107701,0.10342630342873002
2026-02-05 00:00:00+00:00,-0.08561403248099171,0.030059886829742016,0.02011978787435938,0.0003337293821866011,7,1.0,-0.5559996535577271,-0.6366006112095404,-0.3664070849775197,-0.32024254456666934,-0.5197337162876919,-0.311378146783845,-0.08120748931635825,0.4365025589697985,0.10358901963483592
2026-02-06 00:00:00+00:00,-0.01289947820793848,0.023345364035356045,0.019677658815945225,0.014539047510468046,7,1.0,-0.5296596982692235,-0.6617346830778601,-0.37024670386147496,-0.20839092377823262,-0.5585682551969554,-0.31063559315115147,-0.028460008441812106,0.25469580699995675,0.09537129613940241
2026-02-09 00:00:00+00:00,-0.030418273298577846,0.014879124823886633,0.01169694074791378,0.012822550046641285,7,1.0,-0.532884352556085,-0.7075516050560259,-0.35702804425199797,-0.26441255467964087,-0.6201099829155045,-0.28743714041235785,-0.2907471178125881,-0.08701293540701327,0.08924727768450544
2026-02-10 00:00:00+00:00,0.05452047184736596,0.010972832762352282,0.007184911697801101,-0.006247433401170006,7,1.0,-0.804440086918473,-0.7325469810345113,-0.38351135752528853,-0.6907825118153663,-0.6549018863508308,-0.3167482733837316,-0.41629330443761947,-0.12692364813714477,0.09908428305283287
2026-02-11 00:00:00+00:00,0.06816417020855325,0.012168235214047226,0.009809625874087013,-0.012761545223348532,7,1.0,-0.8633513687020727,-0.7348551094990422,-0.3063835875631524,-0.795926847124481,-0.6559512731044934,-0.2722039180244386,-0.6012107955959799,-0.2922567015635285,0.17774681356190367
2026-02-12 00:00:00+00:00,0.04267536252737044,0.01455938395850521,0.011090376028536065,-0.025965505195054833,7,1.0,-0.6624539738228046,-0.6607536478657481,-0.2925991379188695,-0.6475250022787538,-0.5581004861015253,-0.25475142689332947,-0.8226930156613284,-0.3979352116449339,0.09315297071820348
2026-02-17 00:00:00+00:00,0.023524090203202567,0.011334095295049444,0.009539409559761541,0.007387922278926055,7,1.0,-0.5805292191131831,-0.6658464526656156,-0.2508926451045468,-0.6010245279521089,-0.5620838029699221,-0.21655007983449095,-0.7308140673246655,-0.3434555802530384,-0.07741987908059365
2026-02-18 00:00:00+00:00,-0.08399962902452812,0.006813916448166499,0.005202835364800808,0.005056697125611452,7,1.0,0.8356308422222818,-0.3153780465629373,-0.17663132867923348,0.7380687866961737,-0.2425562678673473,-0.13971062459230543,-0.5675394869189074,-0.45739177148662974,-0.11318004946977969
2026-02-19 00:00:00+00:00,0.1185763076893867,0.007110418280973028,0.0054632819133333494,0.0029318388682832283,7,1.0,0.23062018255436617,-0.48257833714260645,-0.24283407495919526,0.2325897661736265,-0.4320429668923832,-0.2059599750790333,-0.25520863488580164,-0.36619462120336904,-0.0774091754836934
2026-02-23 00:00:00+00:00,0.04527689213287238,0.013934765042377494,0.010872057689151995,-0.013529664627384475,7,1.0,0.2052846553950387,-0.4998519470148385,-0.24079508427129068,0.20018973589030126,-0.4585953532081416,-0.18439023143382627,-0.2188539988144477,-0.41828943764754034,-0.2141312418092479
